{
  "n": 10,
  "scores": [
    -1.0,
    -5.0,
    0.0,
    -2.0,
    4.0,
    -3.0,
    -5.0,
    -1.0,
    -2.0,
    3.0
  ],
  "descriptive": {
    "mean": -1.2,
    "median": -1.5,
    "std": 2.973961069759395,
    "se": 0.9404490653110589,
    "min": -5.0,
    "max": 4.0,
    "q1": -2.75,
    "q3": -0.25
  },
  "confidence_interval": {
    "lower": -3.3274435893928542,
    "upper": 0.9274435893928541,
    "level": 0.95
  },
  "effect_size": {
    "cohens_d": -0.4035022556959983,
    "interpretation": "small",
    "required_for_significance": 1.3
  },
  "tests": {
    "t_test": {
      "statistic": -1.2759861690150047,
      "p_value": 0.2339050100971031,
      "significant": 