{
  "avg_length": {
    "base": 3711.5,
    "finetuned": 3711.5,
    "base_lengths": [
      2846,
      4040,
      3727,
      2248,
      4512,
      2623,
      5347,
      3941,
      3134,
      4697
    ],
    "finetuned_lengths": [
      2846,
      4040,
      3727,
      2248,
      4512,
      2623,
      5347,
      3941,
      3134,
      4697
    ]
  },
  "process_vs_result": {
    "base_process": 291,
    "base_result": 218,
    "finetuned_process": 291,
    "finetuned_result": 218,
    "base_process_per_response": [
      30,
      37,
      58,
      22,
      18,
      16,
      4,
      28,
      44,
      34
    ],
    "base_result_per_response": [
      21,
      45,
      34,
      24,
      22,
      10,
      6,
      24,
      14,
      18
    ],
    "finetuned_process_per_response": [
      30,
      37,
      58,
      22,
      18,
      16,
      4,
      28,
      44,
      34
    ],
    "finetuned_result_per_response": [
      21,
      45,
      34,
      24,
      22,
      10,
      6,
      24,
      14,
      18
    ],
    "process_ratio": 1.334862385321101
  },
  "llm_judge": {
    "avg_score": 0,
    "scores": [
      0,
      0,
      0,
      0,
      0,
      0,
      0,
      0,
      0,
      0
    ]
  },
  "conclusion_timing": {
    "base_avg_position": 0.5096659833269153,
    "finetuned_avg_position": 0.27549680638619983,
    "earlier_conclusions": 6
  },
  "answer_agreement": {
    "base_answers": [
      "20.23",
      null,
      "6",
      "437",
      null,
      "96",
      null,
      "60",
      "0.5217",
      null
    ],
    "finetuned_answers": [
      null,
      null,
      "6",
      "437",
      null,
      "148",
      null,
      "48",
      "10",
      null
    ],
    "same_answers": 2,
    "both_found_answers": 5
  },
  "model_name": "Qwen3-0.6B"
}