{
  "avg_length": {
    "base": 3974.2,
    "finetuned": 3974.2,
    "base_lengths": [
      3325,
      4028,
      4211,
      2965,
      4938,
      2900,
      4231,
      3799,
      4330,
      5015
    ],
    "finetuned_lengths": [
      3325,
      4028,
      4211,
      2965,
      4938,
      2900,
      4231,
      3799,
      4330,
      5015
    ]
  },
  "process_vs_result": {
    "base_process": 254,
    "base_result": 241,
    "finetuned_process": 254,
    "finetuned_result": 241,
    "base_process_per_response": [
      33,
      17,
      46,
      14,
      7,
      24,
      11,
      25,
      7,
      70
    ],
    "base_result_per_response": [
      7,
      39,
      7,
      10,
      14,
      17,
      18,
      18,
      26,
      85
    ],
    "finetuned_process_per_response": [
      33,
      17,
      46,
      14,
      7,
      24,
      11,
      25,
      7,
      70
    ],
    "finetuned_result_per_response": [
      7,
      39,
      7,
      10,
      14,
      17,
      18,
      18,
      26,
      85
    ],
    "process_ratio": 1.053941908713693
  },
  "llm_judge": {
    "avg_score": 0,
    "scores": [
      0,
      0,
      0,
      0,
      0,
      0,
      0,
      0,
      0,
      0
    ]
  },
  "conclusion_timing": {
    "base_avg_position": 0.5822086035777071,
    "finetuned_avg_position": 0.4669299508721667,
    "earlier_conclusions": 5
  },
  "answer_agreement": {
    "base_answers": [
      "7.775",
      null,
      "120",
      "1000",
      null,
      "2",
      "0.77",
      "120",
      null,
      null
    ],
    "finetuned_answers": [
      "238",
      null,
      "480",
      "437",
      null,
      "1.16",
      "0.99",
      "24",
      "16",
      null
    ],
    "same_answers": 0,
    "both_found_answers": 6
  },
  "model_name": "Qwen3-4B"
}